Const,Your Rating,Date Rated,Title,Original Title,URL,Title Type,IMDb Rating,Runtime (mins),Year,Genres,Num Votes,Release Date,Directors
tt28607951,9,2024-12-24,"Anora","Anora",https://www.imdb.com/title/tt28607951,Película,7.4,139,2024,"Drama, Comedia, Romance",283327,"2025-01-16","Sean Baker"
tt1677720,5,2024-08-17,"Ready Player One: comienza el juego","Ready Player One",https://www.imdb.com/title/tt1677720,Película,7.4,140,2018,"Ciencia ficción, Acción, Aventura",542515,"2018-03-30","Steven Spielberg"
tt1856101,10,2024-08-17,"Blade Runner 2049","Blade Runner 2049",https://www.imdb.com/title/tt1856101,Película,8.0,164,2017,"Ciencia ficción, Suspenso, Acción, Drama, Misterio",755453,"2017-10-05","Denis Villeneuve"
tt1392170,7,2024-08-17,"Los juegos del hambre","The Hunger Games",https://www.imdb.com/title/tt1392170,Película,7.2,142,2012,"Aventura, Ciencia ficción, Suspenso, Acción",1083147,"2012-03-23","Gary Ross"
tt2103281,6,2024-08-17,"El planeta de los simios: confrontación","Dawn of the Planet of the Apes",https://www.imdb.com/title/tt2103281,Película,7.6,130,2014,"Animación, Acción, Aventura, Drama, Ciencia ficción, Suspenso",511802,"2014-07-25","Matt Reeves"
tt3450958,7,2024-08-17,"El planeta de los simios: la guerra","War for the Planet of the Apes",https://www.imdb.com/title/tt3450958,Película,7.4,140,2017,"Animación, Acción, Drama, Ciencia ficción, Aventura, Suspenso",327153,"2017-07-27","Matt Reeves"
tt3315342,6,2024-08-17,"Logan. Wolverine","Logan",https://www.imdb.com/title/tt3315342,Película,8.1,137,2017,"Acción, Ciencia ficción, Drama, Suspenso",927097,"2017-03-03","James Mangold"
tt11389872,5,2024-08-17,"El Planeta De Los Simios: Nuevo Reino","Kingdom of the Planet of the Apes",https://www.imdb.com/title/tt11389872,Película,6.8,145,2024,"Animación, Acción, Ciencia ficción, Aventura, Drama, Suspenso",169195,"2024-05-09","Wes Ball"
tt4574334,8,2024-08-17,"Stranger Things","Stranger Things",https://www.imdb.com/title/tt4574334,Serie de TV,8.6,60,2016,"Drama, Terror, Suspenso, Ciencia ficción, Misterio, Fantasía",1703808,"2016-07-15",
tt0489099,2,2024-08-17,"Jumper","Jumper",https://www.imdb.com/title/tt0489099,Película,6.1,88,2008,"Aventura, Ciencia ficción, Suspenso, Acción",338106,"2008-03-28","Doug Liman"
tt11866324,8,2024-08-17,"Depredador: La Presa","Prey",https://www.imdb.com/title/tt11866324,Película,7.1,100,2022,"Ciencia ficción, Suspenso, Acción, Aventura, Terror",273392,"2022-08-05","Dan Trachtenberg"
tt5672290,8,2024-06-09,"La Primera Profecía","The First Omen",https://www.imdb.com/title/tt5672290,Película,6.5,119,2024,"Terror",71600,"2024-04-04","Arkasha Stevenson"
tt11858890,8,2024-02-18,"Resistencia","The Creator",https://www.imdb.com/title/tt11858890,Película,6.7,133,2023,"Acción, Drama, Ciencia ficción, Suspenso, Aventura",198155,"2023-09-28","Gareth Edwards"
tt0816692,10,2024-02-18,"Interestelar","Interstellar",https://www.imdb.com/title/tt0816692,Película,8.7,169,2014,"Ciencia ficción, Aventura, Drama",2535841,"2014-11-06","Christopher Nolan"
tt1517268,7,2024-02-18,"Barbie","Barbie",https://www.imdb.com/title/tt1517268,Película,6.8,114,2023,"Comedia, Aventura, Fantasía",681608,"2023-07-20","Greta Gerwig"
tt15398776,9,2024-02-18,"Oppenheimer","Oppenheimer",https://www.imdb.com/title/tt15398776,Película,8.2,180,2023,"Biografía, Drama, Historia",1040828,"2023-07-20","Christopher Nolan"
tt16277242,8,2024-02-18,"La sociedad de la nieve","La sociedad de la nieve",https://www.imdb.com/title/tt16277242,Película,7.8,144,2023,"Aventura, Drama, Historia, Suspenso, Biografía",174430,"2023-12-14","J.A. Bayona"
tt13238346,8,2024-02-18,"Vidas pasadas","Past Lives",https://www.imdb.com/title/tt13238346,Película,7.8,105,2023,"Drama, Romance",173577,"2024-02-01","Celine Song"
tt21192142,8,2024-02-18,"Todos Somos Extraños","All of Us Strangers",https://www.imdb.com/title/tt21192142,Película,7.6,105,2023,"Drama, Romance",79238,"2024-02-29","Andrew Haigh"
tt17351924,9,2023-12-28,"Saltburn","Saltburn",https://www.imdb.com/title/tt17351924,Película,7.0,131,2023,"Suspenso, Drama",266722,"2023-12-22","Emerald Fennell"
tt12747748,10,2023-12-09,"Dejar el mundo atrás","Leave the World Behind",https://www.imdb.com/title/tt12747748,Película,6.4,138,2023,"Drama, Suspenso, Misterio",242733,"2023-12-08","Sam Esmail"
tt0420206,8,2023-11-05,"Sommersturm","Sommersturm",https://www.imdb.com/title/tt0420206,Película,7.2,98,2004,"Comedia, Drama, Romance, Deportes",15014,"2004-09-02","Marco Kreuzpaintner"
tt8694364,10,2023-11-05,"Years and Years","Years and Years",https://www.imdb.com/title/tt8694364,Miniserie de TV,8.2,60,2019,"Drama, Ciencia ficción",37582,"2019-06-28",
tt0120577,9,2023-06-21,"Estudio 54","54",https://www.imdb.com/title/tt0120577,Película,5.9,93,1998,"Música, Drama",35848,"1998-08-28","Mark Christopher"
tt11324406,8,2023-04-01,"La escalera","The Staircase",https://www.imdb.com/title/tt11324406,Miniserie de TV,7.1,60,2022,"Drama, Crimen, Misterio, Suspenso, Biografía",42021,"2022-05-05",
tt12573454,8,2023-03-16,"Sharper: un plan perfecto","Sharper",https://www.imdb.com/title/tt12573454,Película,6.7,116,2023,"Drama, Crimen, Suspenso",39001,"2023-02-17","Benjamin Caron"
tt9319668,7,2022-11-26,"1899","1899",https://www.imdb.com/title/tt9319668,Serie de TV,7.3,60,2022,"Drama, Aventura, Suspenso",123500,"2022-11-17",
tt13729648,9,2022-10-25,"Candy","Candy",https://www.imdb.com/title/tt13729648,Miniserie de TV,7.1,51,2022,"Biografía, Crimen, Drama, Suspenso, Misterio",28099,"2022-05-09",
tt9411972,9,2022-09-15,"La chica salvaje","Where the Crawdads Sing",https://www.imdb.com/title/tt9411972,Película,7.2,125,2022,"Drama, Misterio, Suspenso, Romance",158708,"2022-09-01","Olivia Newman"
tt13694702,9,2022-09-14,"Apariencias","Surface",https://www.imdb.com/title/tt13694702,Serie de TV,6.4,48,2022,"Suspenso, Drama, Misterio",8271,"2022-07-29",
tt11795652,8,2022-08-21,"Wildhood","Wildhood",https://www.imdb.com/title/tt11795652,Película,7.0,108,2021,"Drama, Romance",2263,"2022-06-24","Bretten Hannam"
tt4061620,6,2022-08-14,"Firebird","Firebird",https://www.imdb.com/title/tt4061620,Película,7.1,107,2021,"Drama, Romance, Biografía, Guerra",14938,"2021-10-29","Peeter Rebane"
tt12262116,8,2022-08-10,"Trece vidas","Thirteen Lives",https://www.imdb.com/title/tt12262116,Película,7.8,147,2022,"Biografía, Drama, Suspenso",79424,"2022-08-05","Ron Howard"
tt13649036,9,2022-07-05,"Help","Help",https://www.imdb.com/title/tt13649036,Película de TV,7.6,98,2021,"Drama",13630,"2021-09-16","Marc Munden"
tt13841850,7,2022-07-05,"Men: Terror en las sombras","Men",https://www.imdb.com/title/tt13841850,Película,6.0,100,2022,"Drama, Terror, Fantasía, Suspenso",79091,"2022-12-15","Alex Garland"
tt14412362,9,2022-06-26,"Chloe","Chloe",https://www.imdb.com/title/tt14412362,Miniserie de TV,6.7,58,2022,"Drama, Misterio",4812,"2022-02-06",
tt1590193,9,2022-06-19,"El pasajero","The Commuter",https://www.imdb.com/title/tt1590193,Película,6.3,104,2018,"Misterio, Suspenso, Acción",134024,"2018-01-19","Jaume Collet-Serra"
tt13320622,8,2022-05-09,"La ciudad perdida","The Lost City",https://www.imdb.com/title/tt13320622,Película,6.1,112,2022,"Acción, Comedia, Romance, Aventura",177003,"2022-04-21","Aaron Nee,Adam Nee"
tt11685912,6,2022-05-09,"Outer Range","Outer Range",https://www.imdb.com/title/tt11685912,Serie de TV,7.1,60,2022,"Drama, Misterio, Suspenso",46505,"2022-04-15",
tt10638036,9,2022-05-09,"Heartstopper","Heartstopper",https://www.imdb.com/title/tt10638036,Serie de TV,8.5,30,2022,"Romance, Drama",93255,"2022-04-22",
tt13133936,6,2022-05-09,"Desesperada","Lakewood",https://www.imdb.com/title/tt13133936,Película,5.0,84,2021,"Suspenso, Acción, Drama",8964,"2022-04-07","Phillip Noyce"
tt2463208,3,2022-05-09,"El proyecto Adam","The Adam Project",https://www.imdb.com/title/tt2463208,Película,6.7,106,2022,"Animación, Ciencia ficción, Acción, Aventura, Comedia",258265,"2022-03-11","Shawn Levy"
tt11138512,8,2022-05-04,"El hombre del norte","The Northman",https://www.imdb.com/title/tt11138512,Película,7.0,137,2022,"Drama, Aventura, Suspenso, Acción, Historia, Fantasía",300135,"2022-04-14","Robert Eggers"
tt6823148,7,2022-05-04,"Benedetta","Benedetta",https://www.imdb.com/title/tt6823148,Película,6.7,131,2021,"Biografía, Drama, Romance",29997,"2022-01-20","Paul Verhoeven"
tt0246578,9,2022-04-27,"Donnie Darko","Donnie Darko",https://www.imdb.com/title/tt0246578,Película,8.0,113,2001,"Ciencia ficción, Suspenso, Misterio, Drama",912453,"2001-01-19","Richard Kelly"
tt5246700,8,2022-04-13,"El final de todo","How It Ends",https://www.imdb.com/title/tt5246700,Película,5.1,113,2018,"Suspenso, Acción, Drama, Misterio, Terror",63584,"2018-07-13","David M. Rosenthal"
tt11470588,9,2022-03-26,"Apagón","Blackout",https://www.imdb.com/title/tt11470588,Miniserie de TV,6.3,45,2021,"Drama, Suspenso",1677,"2021-10-14",
tt8888462,9,2022-03-26,"Pachinko","Pachinko",https://www.imdb.com/title/tt8888462,Serie de TV,8.4,55,2022,"Drama",18157,"2022-03-25",
tt2180339,6,2022-03-18,"Aguas profundas","Deep Water",https://www.imdb.com/title/tt2180339,Película,5.5,115,2022,"Suspenso, Drama, Misterio, Crimen, Romance",71817,"2022-03-18","Adrian Lyne"
tt13406094,9,2022-03-08,"The White Lotus","The White Lotus",https://www.imdb.com/title/tt13406094,Serie de TV,8.0,60,2021,"Comedia, Drama, Misterio",325896,"2021-07-11",
tt1877830,10,2022-03-02,"Batman","The Batman",https://www.imdb.com/title/tt1877830,Película,7.8,176,2022,"Crimen, Misterio",929614,"2022-03-02","Matt Reeves"
tt11755740,3,2022-03-02,"La masacre de Texas","Texas Chainsaw Massacre",https://www.imdb.com/title/tt11755740,Película,4.7,83,2022,"Terror, Crimen, Suspenso, Drama, Misterio",70414,"2022-02-18","David Blue Garcia"
tt11245972,4,2022-03-02,"Scream. Grita","Scream",https://www.imdb.com/title/tt11245972,Película,6.3,114,2022,"Terror, Misterio, Suspenso",188048,"2022-01-13","Matt Bettinelli-Olpin,Tyler Gillett"
tt6506264,4,2022-02-21,"Éxodo: La Última Marea","Tides",https://www.imdb.com/title/tt6506264,Película,5.4,104,2021,"Ciencia ficción, Suspenso, Acción, Aventura",14257,"2022-06-09","Tim Fehlbaum"
tt8635092,3,2022-02-21,"Todos Hablan De Jamie","Everybody's Talking About Jamie",https://www.imdb.com/title/tt8635092,Película,6.6,115,2021,"Musical, Drama, Biografía, Comedia",8208,"2021-09-17","Jonathan Butterell,Dan Gillespie Sells,Tom MacRae"
tt10665338,7,2022-02-21,"Halloween Kills: La noche aún no termina","Halloween Kills",https://www.imdb.com/title/tt10665338,Película,5.5,105,2021,"Terror, Suspenso, Acción, Drama",108321,"2021-10-14","David Gordon Green"
tt3420504,7,2022-02-21,"Finch","Finch",https://www.imdb.com/title/tt3420504,Película,6.9,115,2021,"Ciencia ficción, Drama, Aventura",111936,"2021-11-05","Miguel Sapochnik"
tt11235772,8,2022-02-21,"Los voyeristas","The Voyeurs",https://www.imdb.com/title/tt11235772,Película,6.1,116,2021,"Suspenso, Drama, Misterio, Romance",49472,"2021-09-10","Michael Mohan"
tt7740510,4,2022-02-21,"Espíritus Oscuros","Antlers",https://www.imdb.com/title/tt7740510,Película,5.9,99,2021,"Terror, Misterio, Drama",49686,"2021-10-28","Scott Cooper"
tt14992922,9,2022-02-21,"El estafador de Tinder","The Tinder Swindler",https://www.imdb.com/title/tt14992922,Película,7.1,114,2022,"Documental, Crimen",77792,"2022-02-02","Felicity Morris"
tt14169960,4,2022-02-21,"Estamos muertos","Jigeum uri hakgyoneun",https://www.imdb.com/title/tt14169960,Serie de TV,7.6,60,2022,"Fantasía, Terror, Drama, Acción, Suspenso, Ciencia ficción",91190,"2022-01-28",
tt8772296,10,2022-02-21,"Euphoria","Euphoria",https://www.imdb.com/title/tt8772296,Serie de TV,8.2,60,2019,"Drama",306401,"2019-06-21",
tt8372094,6,2022-02-18,"The Education of Fredrick Fitzell","The Education of Fredrick Fitzell",https://www.imdb.com/title/tt8372094,Película,5.4,97,2020,"Suspenso, Drama, Misterio",7882,"2021-06-04","Christopher MacBride,Breann Smordin"
tt13365348,7,2022-02-07,"Archivo 81","Archive 81",https://www.imdb.com/title/tt13365348,Serie de TV,7.3,60,2022,"Terror, Drama, Ciencia ficción, Misterio, Suspenso",67772,"2022-01-14",
tt13315324,3,2022-02-07,"La mujer de la casa de enfrente de la chica en la ventana","The Woman in the House Across the Street from the Girl in the Window",https://www.imdb.com/title/tt13315324,Miniserie de TV,6.4,26,2022,"Comedia, Suspenso, Drama, Misterio, Crimen",60602,"2022-01-28",
tt11233960,8,2021-12-15,"Imperdonable","The Unforgivable",https://www.imdb.com/title/tt11233960,Película,7.2,112,2021,"Drama, Crimen, Misterio",128382,"2021-12-10","Nora Fingscheidt"
tt12800524,7,2021-12-15,"Encounter","Encounter",https://www.imdb.com/title/tt12800524,Película,5.9,108,2021,"Ciencia ficción, Suspenso, Drama",11657,"2021-12-10","Michael Pearce"
tt1099212,5,2021-12-11,"Crepúsculo","Twilight",https://www.imdb.com/title/tt1099212,Película,5.4,122,2008,"Romance, Fantasía, Drama",527426,"2008-11-21","Catherine Hardwicke"
tt10293406,9,2021-12-07,"El poder del perro","The Power of the Dog",https://www.imdb.com/title/tt10293406,Película,6.8,126,2021,"Drama, Oeste",232209,"2021-12-01","Jane Campion"
tt6264654,7,2021-12-04,"Free Guy. Tomando el control","Free Guy",https://www.imdb.com/title/tt6264654,Película,7.1,115,2021,"Acción, Comedia, Ciencia ficción, Aventura, Fantasía, Romance",489467,"2021-08-12","Shawn Levy"
tt9639470,10,2021-11-20,"El misterio de Soho","Last Night in Soho",https://www.imdb.com/title/tt9639470,Película,7.0,116,2021,"Terror, Suspenso, Drama, Misterio",199867,"2021-10-28","Edgar Wright"
tt11337908,8,2021-10-12,"Las cosas por limpiar","Maid",https://www.imdb.com/title/tt11337908,Miniserie de TV,8.3,60,2021,"Drama",120490,"2021-10-01",
tt2382320,10,2021-10-02,"Sin tiempo para morir","No Time to Die",https://www.imdb.com/title/tt2382320,Película,7.3,163,2021,"Acción, Suspenso, Aventura",488352,"2021-09-30","Cary Joji Fukunaga"
tt1160419,9,2021-10-02,"Duna","Dune: Part One",https://www.imdb.com/title/tt1160419,Película,8.0,155,2021,"Ciencia ficción, Aventura, Drama, Acción",1054922,"2021-10-21","Denis Villeneuve"
tt9140560,9,2021-07-18,"WandaVision","WandaVision",https://www.imdb.com/title/tt9140560,Miniserie de TV,7.9,40,2021,"Acción, Ciencia ficción, Fantasía, Comedia, Misterio, Drama, Romance",416672,"2021-01-15",
tt8332922,9,2021-07-18,"Un lugar en silencio: Parte II","A Quiet Place Part II",https://www.imdb.com/title/tt8332922,Película,7.2,97,2020,"Drama, Suspenso, Ciencia ficción, Terror",323511,"2021-06-09","John Krasinski"
tt10166602,8,2021-07-18,"Love, Victor","Love, Victor",https://www.imdb.com/title/tt10166602,Serie de TV,7.9,30,2020,"Comedia, Drama, Romance",24735,"2021-08-31",
tt1878870,9,2021-07-18,"Mi vida a los diecisiete","The Edge of Seventeen",https://www.imdb.com/title/tt1878870,Película,7.3,104,2016,"Comedia, Drama, Romance",151675,"2017-01-13","Kelly Fremon Craig"
tt3890160,9,2021-07-18,"Baby, el aprendiz del crimen","Baby Driver",https://www.imdb.com/title/tt3890160,Película,7.5,113,2017,"Acción, Música, Crimen, Drama",685215,"2017-08-10","Edgar Wright"
tt8772262,10,2021-07-18,"Midsommar. El terror no espera la noche","Midsommar",https://www.imdb.com/title/tt8772262,Película,7.1,148,2019,"Terror, Drama, Misterio, Suspenso",485082,"2019-09-20","Ari Aster"
tt1489887,8,2021-07-18,"La noche de las nerds","Booksmart",https://www.imdb.com/title/tt1489887,Película,7.1,102,2019,"Comedia",140404,"2019-08-16","Olivia Wilde"
tt12801262,9,2021-07-18,"Luca","Luca",https://www.imdb.com/title/tt12801262,Película,7.4,95,2021,"Animación, Aventura, Fantasía, Familia, Comedia, Drama",223601,"2021-06-18","Enrico Casarosa"
tt2531336,8,2021-07-18,"Lupin","Lupin",https://www.imdb.com/title/tt2531336,Serie de TV,7.5,45,2021,"Crimen, Drama, Misterio, Acción",158866,"2021-01-08",
tt12809988,8,2021-07-18,"Sweet Tooth","Sweet Tooth",https://www.imdb.com/title/tt12809988,Serie de TV,7.7,50,2021,"Fantasía, Ciencia ficción, Acción, Aventura, Drama",78904,"2021-06-04",
tt5726616,9,2021-07-18,"Llámame por tu nombre","Call Me by Your Name",https://www.imdb.com/title/tt5726616,Película,7.8,132,2017,"Drama, Romance",359634,"2018-02-02","Luca Guadagnino"
tt9620292,9,2021-07-18,"Hermosa Venganza","Promising Young Woman",https://www.imdb.com/title/tt9620292,Película,7.5,113,2020,"Crimen, Drama, Suspenso, Misterio",256086,"2021-04-08","Emerald Fennell"
tt9701940,8,2021-07-18,"La calle del terror (Parte 2): 1978","Fear Street: 1978",https://www.imdb.com/title/tt9701940,Película,6.7,109,2021,"Terror, Misterio, Drama",90833,"2021-07-09","Leigh Janiak"
tt9777666,8,2021-07-18,"La guerra del mañana","The Tomorrow War",https://www.imdb.com/title/tt9777666,Película,6.6,138,2021,"Acción, Ciencia ficción, Aventura, Suspenso, Drama",254185,"2021-07-02","Chris McKay"
tt6566576,7,2021-07-18,"La calle del terror (Parte 1): 1994","Fear Street: 1994",https://www.imdb.com/title/tt6566576,Película,6.2,107,2021,"Misterio, Terror, Drama",110365,"2021-07-02","Leigh Janiak"
tt4682266,3,2021-07-11,"Los nuevos mutantes","The New Mutants",https://www.imdb.com/title/tt4682266,Película,5.3,94,2020,"Acción, Ciencia ficción, Terror, Misterio",101551,"2020-09-03","Josh Boone"
tt6475714,3,2021-07-11,"Monster Hunter: La Cacería Comienza","Monster Hunter",https://www.imdb.com/title/tt6475714,Película,5.2,103,2020,"Animación, Fantasía, Acción, Aventura",75321,"2021-02-18","Paul W.S. Anderson"
tt7069210,7,2021-07-11,"El conjuro 3: El diablo me obligó a hacerlo","The Conjuring: The Devil Made Me Do It",https://www.imdb.com/title/tt7069210,Película,6.2,112,2021,"Terror, Misterio, Suspenso",169806,"2021-06-02","Michael Chaves"
tt2948372,7,2021-07-11,"Soul","Soul",https://www.imdb.com/title/tt2948372,Película,8.0,100,2020,"Animación, Familia, Aventura, Fantasía, Música, Comedia, Drama",449847,"2020-12-25","Pete Docter,Kemp Powers"
tt8633478,8,2021-07-11,"Corre","Run",https://www.imdb.com/title/tt8633478,Película,6.7,90,2020,"Suspenso, Misterio, Drama, Terror",113086,"2020-12-17","Aneesh Chaganty"
tt5994166,8,2021-06-05,"First Light","First Light",https://www.imdb.com/title/tt5994166,Película,5.6,90,2018,"Suspenso, Ciencia ficción, Drama",4876,"2018-09-28","Jason Stone"
tt7985576,9,2021-06-04,"La Serpiente","The Serpent",https://www.imdb.com/title/tt7985576,Miniserie de TV,7.6,60,2021,"Crimen, Suspenso, Drama",54788,"2021-01-01",
tt10155688,8,2021-05-19,"Yegua de Easttown","Mare of Easttown",https://www.imdb.com/title/tt10155688,Miniserie de TV,8.4,60,2021,"Drama, Crimen, Misterio",222343,"2021-04-18",
tt6111574,6,2021-05-16,"La mujer en la ventana","The Woman in the Window",https://www.imdb.com/title/tt6111574,Película,5.7,100,2021,"Drama, Suspenso, Crimen, Misterio",90400,"2021-05-14","Joe Wright"
tt7562112,10,2021-05-07,"Pose","Pose",https://www.imdb.com/title/tt7562112,Serie de TV,8.6,60,2018,"Drama",36632,"2018-10-05",
tt11454722,8,2021-04-01,"Generation","Genera+ion",https://www.imdb.com/title/tt11454722,Serie de TV,7.2,30,2021,"Comedia, Drama",6424,"2021-03-11",
tt9893250,10,2021-03-14,"Descuida, yo te cuido","I Care a Lot",https://www.imdb.com/title/tt9893250,Película,6.4,118,2020,"Comedia, Crimen, Suspenso, Drama",159058,"2021-02-19","J Blakeson"
tt9140342,10,2021-01-29,"It's a Sin","It's a Sin",https://www.imdb.com/title/tt9140342,Miniserie de TV,8.6,45,2021,"Drama",40800,"2021-01-22",
tt9691136,6,2021-01-24,"Una sombra en la nube","Shadow in the Cloud",https://www.imdb.com/title/tt9691136,Película,5.0,83,2020,"Acción, Terror, Guerra",34394,"2022-01-07","Roseanne Liang"
tt2222042,6,2021-01-24,"Love and Monsters","Love and Monsters",https://www.imdb.com/title/tt2222042,Película,6.9,109,2020,"Animación, Aventura, Comedia, Fantasía, Ciencia ficción, Acción",160021,"2021-04-14","Michael Matthews"
tt10451914,8,2021-01-18,"Zona de riesgo","Outside the Wire",https://www.imdb.com/title/tt10451914,Película,5.4,114,2021,"Animación, Acción, Ciencia ficción, Aventura, Fantasía",48819,"2021-01-15","Mikael Håfström"
tt11161474,9,2021-01-09,"Fragmentos de una mujer","Pieces of a Woman",https://www.imdb.com/title/tt11161474,Película,7.0,126,2020,"Drama",60263,"2021-01-07","Kornél Mundruczó"
tt0974661,4,2021-01-09,"17 otra vez","17 Again",https://www.imdb.com/title/tt0974661,Película,6.4,102,2009,"Comedia, Drama, Fantasía, Romance, Deportes",232358,"2009-06-19","Burr Steers"
tt8633062,8,2020-12-28,"The Wilds","The Wilds",https://www.imdb.com/title/tt8633062,Serie de TV,7.3,60,2020,"Drama, Aventura, Misterio",27371,"2020-12-11",
tt0451279,8,2020-12-19,"Mujer Maravilla","Wonder Woman",https://www.imdb.com/title/tt0451279,Película,7.3,141,2017,"Acción, Aventura, Fantasía, Ciencia ficción, Guerra",735960,"2017-06-01","Patty Jenkins"
tt2911666,8,2020-11-07,"Otro día para matar","John Wick",https://www.imdb.com/title/tt2911666,Película,7.5,101,2014,"Acción, Suspenso, Crimen",829189,"2014-10-30","Chad Stahelski"
tt4566758,7,2020-10-19,"Mulán","Mulan",https://www.imdb.com/title/tt4566758,Película,5.8,115,2020,"Aventura, Drama, Acción, Fantasía",167847,"2020-12-04","Niki Caro"
tt4331970,9,2020-09-24,"Quand on a 17 ans","Quand on a 17 ans",https://www.imdb.com/title/tt4331970,Película,7.2,114,2016,"Drama, Romance",7851,"2016-03-30","André Téchiné"
tt8134186,9,2020-09-18,"Devs","Devs",https://www.imdb.com/title/tt8134186,Miniserie de TV,7.6,51,2020,"Suspenso, Ciencia ficción, Drama, Misterio",57743,"2020-03-05",
tt9148706,7,2020-08-30,"Misbehaviour","Misbehaviour",https://www.imdb.com/title/tt9148706,Película,6.4,106,2020,"Drama, Historia, Comedia",11795,"2020-03-13","Philippa Lowthorpe"
tt6751668,10,2020-08-30,"Parásitos","Gisaengchung",https://www.imdb.com/title/tt6751668,Película,8.5,132,2019,"Drama, Suspenso",1166760,"2019-12-25","Bong Joon Ho"
tt8946378,8,2020-08-30,"Entre navajas y secretos","Knives Out",https://www.imdb.com/title/tt8946378,Película,7.9,130,2019,"Crimen, Misterio, Suspenso, Drama, Comedia",878937,"2019-12-06","Rian Johnson"
tt7286456,9,2020-08-30,"Guasón","Joker",https://www.imdb.com/title/tt7286456,Película,8.3,122,2019,"Drama",1696540,"2019-10-04","Todd Phillips"
tt6723592,9,2020-08-30,"Tenet","Tenet",https://www.imdb.com/title/tt6723592,Película,7.3,150,2020,"Acción, Ciencia ficción, Suspenso",687148,"2020-09-16","Christopher Nolan"
tt9849210,8,2020-08-22,"Biohackers","Biohackers",https://www.imdb.com/title/tt9849210,Serie de TV,6.8,44,2020,"Drama, Ciencia ficción, Suspenso",12561,"2020-08-20",
tt0399201,8,2020-08-18,"La isla","The Island",https://www.imdb.com/title/tt0399201,Película,6.8,136,2005,"Ciencia ficción, Suspenso, Acción",342495,"2005-08-12","Michael Bay"
tt0422272,7,2020-08-16,"Frágiles","Frágiles",https://www.imdb.com/title/tt0422272,Película,6.0,101,2005,"Suspenso, Terror, Misterio",18427,"2008-02-22","Jaume Balagueró"
tt9059760,10,2020-08-03,"Normal People","Normal People",https://www.imdb.com/title/tt9059760,Miniserie de TV,8.4,28,2020,"Drama, Romance",116169,"2020-07-16",
tt7556122,8,2020-07-24,"La vieja guardia","The Old Guard",https://www.imdb.com/title/tt7556122,Película,6.7,125,2020,"Acción, Suspenso",210686,"2020-07-10","Gina Prince-Bythewood"
tt6394270,8,2020-07-19,"El escándalo","Bombshell",https://www.imdb.com/title/tt6394270,Película,6.8,109,2019,"Biografía, Drama",136254,"2020-01-31","Jay Roach"
tt5827916,9,2020-06-30,"Una vida oculta","A Hidden Life",https://www.imdb.com/title/tt5827916,Película,7.4,174,2019,"Biografía, Drama, Guerra, Romance",32227,"2020-03-20","Terrence Malick"
tt3612126,2,2020-06-30,"La maldición renace","The Grudge",https://www.imdb.com/title/tt3612126,Película,4.4,94,2019,"Terror, Fantasía",32382,"2020-02-14","Nicolas Pesce"
tt9173418,1,2020-06-30,"Brahms: The Boy II","Brahms: The Boy II",https://www.imdb.com/title/tt9173418,Película,4.7,86,2020,"Terror, Misterio, Suspenso, Drama",22604,"2020-04-10","William Brent Bell"
tt0983946,2,2020-06-30,"La isla de la fantasía","Fantasy Island",https://www.imdb.com/title/tt0983946,Película,4.9,109,2020,"Terror, Misterio, Fantasía",63842,"2020-08-27","Jeff Wadlow"
tt3794354,4,2020-06-30,"Sonic: la película","Sonic the Hedgehog",https://www.imdb.com/title/tt3794354,Película,6.5,99,2020,"Acción, Aventura, Ciencia ficción, Comedia, Familia, Fantasía",193224,"2020-02-14","Jeff Fowler"
tt8244784,8,2020-06-30,"La cacería","The Hunt",https://www.imdb.com/title/tt8244784,Película,6.6,90,2020,"Acción, Terror, Suspenso",154435,"2020-04-09","Craig Zobel"
tt1634106,2,2020-06-30,"Bloodshot","Bloodshot",https://www.imdb.com/title/tt1634106,Película,5.7,109,2020,"Acción, Aventura, Ciencia ficción",91232,"2020-03-13","Dave Wilson"
tt7146812,9,2020-06-30,"Unidos","Onward",https://www.imdb.com/title/tt7146812,Película,7.4,102,2020,"Animación, Comedia, Familia, Fantasía, Aventura, Drama",186500,"2020-03-06","Dan Scanlon"
tt8089592,10,2020-06-13,"Pequeños fuegos por todas partes","Little Fires Everywhere",https://www.imdb.com/title/tt8089592,Miniserie de TV,7.6,58,2020,"Drama, Misterio, Suspenso",61686,"2020-05-22",
tt9086228,5,2020-06-13,"Gretel & Hansel","Gretel & Hansel",https://www.imdb.com/title/tt9086228,Película,5.6,87,2020,"Fantasía, Terror, Suspenso, Misterio",39307,"2020-01-31","Osgood Perkins"
tt5774060,7,2020-06-13,"Amenaza en lo profundo","Underwater",https://www.imdb.com/title/tt5774060,Película,5.9,95,2020,"Acción, Suspenso, Terror, Ciencia ficción, Aventura",108531,"2020-01-10","William Eubank"
tt1051906,10,2020-06-13,"El hombre invisible","The Invisible Man",https://www.imdb.com/title/tt1051906,Película,7.1,124,2020,"Ciencia ficción, Suspenso, Terror, Misterio, Drama",285589,"2020-02-28","Leigh Whannell"
tt6803046,10,2020-06-05,"The Vast of Night","The Vast of Night",https://www.imdb.com/title/tt6803046,Película,6.7,91,2019,"Misterio, Ciencia ficción, Suspenso, Drama",50213,"2020-05-29","Andrew Patterson"
tt7347846,8,2020-05-25,"La cabaña siniestra","The Lodge",https://www.imdb.com/title/tt7347846,Película,6.0,108,2019,"Suspenso, Drama, Terror, Misterio",65041,"2020-01-16","Severin Fiala,Veronika Franz"
tt9827854,9,2020-05-15,"Hollywood","Hollywood",https://www.imdb.com/title/tt9827854,Miniserie de TV,7.5,50,2020,"Drama, Comedia",43956,"2020-05-01",
tt8045468,9,2020-04-13,"Run","Run",https://www.imdb.com/title/tt8045468,Serie de TV,6.2,30,2020,"Comedia, Romance, Suspenso",8259,"2020-04-12",
tt7772582,9,2020-04-12,"Never Rarely Sometimes Always","Never Rarely Sometimes Always",https://www.imdb.com/title/tt7772582,Película,7.3,101,2020,"Drama",29793,"2020-04-03","Eliza Hittman"
tt8613070,9,2020-03-29,"Retrato de una mujer en llamas","Portrait de la jeune fille en feu",https://www.imdb.com/title/tt8613070,Película,8.0,122,2019,"Drama, Romance",127709,"2020-08-06","Céline Sciamma"
tt3007572,7,2020-02-08,"Locke & Key","Locke & Key",https://www.imdb.com/title/tt3007572,Serie de TV,7.3,48,2020,"Suspenso, Fantasía, Drama, Terror, Misterio",107893,"2020-02-07",
tt8579674,10,2020-01-30,"1917","1917",https://www.imdb.com/title/tt8579674,Película,8.2,119,2019,"Guerra, Drama",772637,"2020-01-17","Sam Mendes"
tt8781414,8,2020-01-19,"Freaks","Freaks",https://www.imdb.com/title/tt8781414,Película,6.7,105,2018,"Drama, Ciencia ficción, Suspenso, Misterio, Fantasía",44789,"2019-09-13","Zach Lipovsky,Adam B. Stein"
tt0362478,8,2020-01-19,"La caja","The Box",https://www.imdb.com/title/tt0362478,Película,5.6,115,2009,"Suspenso, Drama, Misterio",97916,"2009-12-11","Richard Kelly"
tt6079516,8,2020-01-19,"I See You","I See You",https://www.imdb.com/title/tt6079516,Película,6.8,98,2019,"Suspenso, Terror, Misterio",76319,"2025-10-01","Adam Randall"
tt7767422,8,2019-08-21,"Sex Education","Sex Education",https://www.imdb.com/title/tt7767422,Serie de TV,8.2,60,2019,"Drama, Comedia, Romance",398418,"2019-01-11",
tt1457767,8,2019-08-21,"El conjuro","The Conjuring",https://www.imdb.com/title/tt1457767,Película,7.5,112,2013,"Terror, Misterio, Suspenso",623416,"2013-08-23","James Wan"
tt6857112,10,2019-08-21,"Nosotros","Us",https://www.imdb.com/title/tt6857112,Película,6.8,116,2019,"Suspenso, Terror, Misterio",392989,"2019-05-03","Jordan Peele"
tt1396484,8,2019-08-21,"It (Eso)","It",https://www.imdb.com/title/tt1396484,Película,7.3,135,2017,"Terror",697384,"2017-09-14","Andy Muschietti"
tt0088763,10,2019-08-21,"Volver al futuro","Back to the Future",https://www.imdb.com/title/tt0088763,Película,8.5,116,1985,"Comedia, Ciencia ficción, Aventura",1454834,"1985-12-25","Robert Zemeckis"
tt0103064,10,2019-08-21,"Terminator 2: Juicio final","Terminator 2: Judgment Day",https://www.imdb.com/title/tt0103064,Película,8.6,137,1991,"Aventura, Ciencia ficción, Acción",1285336,"1991-07-03","James Cameron"
tt0167260,10,2019-08-21,"El señor de los anillos: El retorno del rey","The Lord of the Rings: The Return of the King",https://www.imdb.com/title/tt0167260,Película,9.0,201,2003,"Drama, Aventura, Fantasía",2166761,"2003-12-17","Peter Jackson"
tt0133093,10,2019-08-21,"Matrix","The Matrix",https://www.imdb.com/title/tt0133093,Película,8.7,136,1999,"Acción, Ciencia ficción",2250344,"1999-05-21","Lana Wachowski,Lilly Wachowski"
tt1392214,9,2019-08-21,"Intriga","Prisoners",https://www.imdb.com/title/tt1392214,Película,8.2,153,2013,"Crimen, Drama, Suspenso, Misterio",937284,"2013-11-08","Denis Villeneuve"
tt0088247,8,2019-08-21,"Terminator","The Terminator",https://www.imdb.com/title/tt0088247,Película,8.1,107,1984,"Acción, Aventura, Ciencia ficción",1005912,"1985-07-05","James Cameron"
tt0993846,10,2019-08-21,"El lobo de Wall Street","The Wolf of Wall Street",https://www.imdb.com/title/tt0993846,Película,8.2,180,2013,"Crimen, Drama, Biografía, Comedia",1791491,"2014-01-10","Martin Scorsese"
tt0372784,8,2019-08-21,"Batman inicia","Batman Begins",https://www.imdb.com/title/tt0372784,Película,8.2,140,2005,"Crimen",1716566,"2005-06-17","Christopher Nolan"
tt0162222,9,2019-08-21,"Náufrago","Cast Away",https://www.imdb.com/title/tt0162222,Película,7.8,143,2000,"Romance, Drama, Aventura",689867,"2001-01-26","Robert Zemeckis"
tt1454029,9,2019-08-21,"Historias cruzadas","The Help",https://www.imdb.com/title/tt1454029,Película,8.1,146,2011,"Drama",528935,"2012-02-17","Tate Taylor"
tt7335184,7,2019-08-21,"You","You",https://www.imdb.com/title/tt7335184,Serie de TV,7.6,45,2018,"Drama, Crimen, Suspenso, Romance",368436,"2018-12-26",
tt1375666,10,2019-08-21,"El origen","Inception",https://www.imdb.com/title/tt1375666,Película,8.8,148,2010,"Ciencia ficción, Suspenso, Aventura",2821112,"2010-07-23","Christopher Nolan"
tt1454468,9,2019-08-21,"Gravedad","Gravity",https://www.imdb.com/title/tt1454468,Película,7.7,91,2013,"Ciencia ficción, Suspenso, Drama",900761,"2013-10-18","Alfonso Cuarón"
tt0944947,7,2019-08-21,"Game of Thrones","Game of Thrones",https://www.imdb.com/title/tt0944947,Serie de TV,9.2,60,2011,"Fantasía, Drama",2619373,"2011-05-08",
tt0120338,10,2019-08-21,"Titanic","Titanic",https://www.imdb.com/title/tt0120338,Película,8.0,194,1997,"Romance, Drama",1394467,"1998-01-01","James Cameron"
tt6644200,8,2019-08-21,"Un lugar en silencio","A Quiet Place",https://www.imdb.com/title/tt6644200,Película,7.5,90,2018,"Drama, Terror, Ciencia ficción",659562,"2018-04-06","John Krasinski"
tt0468569,10,2019-08-21,"Batman: El caballero de la noche","The Dark Knight",https://www.imdb.com/title/tt0468569,Película,9.1,152,2008,"Crimen, Suspenso",3172398,"2008-07-18","Christopher Nolan"
tt3920596,6,2019-08-21,"Big Little Lies","Big Little Lies",https://www.imdb.com/title/tt3920596,Serie de TV,8.4,50,2017,"Crimen, Drama, Misterio",245276,"2019-02-19",
tt2381249,9,2019-08-21,"Misión: imposible 5 - Nación secreta","Mission: Impossible - Rogue Nation",https://www.imdb.com/title/tt2381249,Película,7.4,131,2015,"Acción, Aventura, Suspenso",446471,"2015-07-30","Christopher McQuarrie"
tt5052448,8,2019-08-21,"¡Huye!","Get Out",https://www.imdb.com/title/tt5052448,Película,7.8,104,2017,"Terror, Misterio, Suspenso",819175,"2017-05-26","Jordan Peele"
tt0369610,6,2019-08-21,"Mundo Jurásico","Jurassic World",https://www.imdb.com/title/tt0369610,Película,6.9,124,2015,"Aventura, Ciencia ficción, Acción",730201,"2015-06-12","Colin Trevorrow"
tt2085059,9,2019-08-21,"Black Mirror","Black Mirror",https://www.imdb.com/title/tt2085059,Serie de TV,8.7,60,2011,"Drama, Suspenso, Ciencia ficción, Misterio, Crimen",738620,"2015-10-01",
tt5753856,10,2019-06-25,"Dark","Dark",https://www.imdb.com/title/tt5753856,Serie de TV,8.7,60,2017,"Misterio, Crimen, Drama, Suspenso, Ciencia ficción",547013,"2017-12-01",
tt4635282,10,2019-03-23,"The OA","The OA",https://www.imdb.com/title/tt4635282,Serie de TV,7.8,60,2016,"Drama, Misterio, Fantasía, Ciencia ficción",127319,"2016-12-16",
tt0107290,10,2019-03-02,"Parque jurásico","Jurassic Park",https://www.imdb.com/title/tt0107290,Película,8.2,127,1993,"Ciencia ficción, Aventura",1179502,"1993-07-16","Steven Spielberg"
tt7857374,9,2019-03-02,"Feedback","Feedback",https://www.imdb.com/title/tt7857374,Película,5.6,97,2019,"Suspenso, Acción, Aventura, Terror",2770,"2019-03-01","Pedro C. Alonso"
tt5442430,7,2019-02-02,"Life. Vida inteligente","Life",https://www.imdb.com/title/tt5442430,Película,6.6,104,2017,"Ciencia ficción, Suspenso, Terror",277537,"2017-03-24","Daniel Espinosa"
tt0120601,7,2019-01-29,"¿Quieres ser John Malkovich?","Being John Malkovich",https://www.imdb.com/title/tt0120601,Película,7.7,113,1999,"Drama, Comedia, Fantasía",369736,"2000-03-10","Spike Jonze"
tt7801780,8,2019-01-26,"Origin","Origin",https://www.imdb.com/title/tt7801780,Serie de TV,7.0,45,2018,"Ciencia ficción, Terror, Misterio",8233,"2018-11-14",
tt2737304,8,2018-12-22,"Bird Box. A ciegas","Bird Box",https://www.imdb.com/title/tt2737304,Película,6.6,124,2018,"Terror, Misterio, Ciencia ficción",422424,"2018-12-21","Susanne Bier"
tt6998518,1,2018-10-28,"Mandy","Mandy",https://www.imdb.com/title/tt6998518,Película,6.5,121,2018,"Fantasía, Acción, Terror",98796,"2018-09-14","Panos Cosmatos"
tt4820370,10,2018-10-28,"Channel Zero","Channel Zero",https://www.imdb.com/title/tt4820370,Serie de TV,7.1,44,2016,"Drama, Terror, Misterio, Suspenso, Fantasía",13537,"2016-10-11",
tt6290798,8,2018-10-19,"UFO","UFO",https://www.imdb.com/title/tt6290798,Película,6.2,88,2018,"Ciencia ficción, Suspenso, Drama, Misterio",13124,"2018-09-04","Ryan Eslinger"
tt3783958,10,2018-10-13,"La La Land. Una historia de amor","La La Land",https://www.imdb.com/title/tt3783958,Película,8.0,128,2016,"Musical, Comedia, Drama, Romance, Música",764339,"2017-02-03","Damien Chazelle"
tt7134908,8,2018-10-09,"Élite","Élite",https://www.imdb.com/title/tt7134908,Serie de TV,7.1,60,2018,"Suspenso, Drama, Crimen",101852,"2018-10-05",
tt8021824,10,2018-08-26,"The Innocents","The Innocents",https://www.imdb.com/title/tt8021824,Serie de TV,6.3,60,2018,"Ciencia ficción, Drama, Romance, Suspenso, Terror, Misterio",6583,"2018-08-24",
tt2267998,10,2018-08-13,"Perdida","Gone Girl",https://www.imdb.com/title/tt2267998,Película,8.1,149,2014,"Suspenso, Drama, Misterio",1170676,"2014-10-02","David Fincher"
tt4912910,10,2018-08-06,"Misión: Imposible - Repercusión","Mission: Impossible - Fallout",https://www.imdb.com/title/tt4912910,Película,7.7,147,2018,"Acción, Aventura, Suspenso",420378,"2018-07-27","Christopher McQuarrie"
tt7784604,9,2018-06-21,"El legado del diablo","Hereditary",https://www.imdb.com/title/tt7784604,Película,7.3,127,2018,"Terror, Drama, Misterio, Suspenso",456941,"2018-06-08","Ari Aster"
tt5688996,8,2018-06-15,"Alex Strangelove","Alex Strangelove",https://www.imdb.com/title/tt5688996,Película,6.3,99,2018,"Comedia, Drama, Romance",20628,"2018-06-08","Craig Johnson"
tt2798920,10,2018-03-12,"Aniquilación","Annihilation",https://www.imdb.com/title/tt2798920,Película,6.8,115,2018,"Ciencia ficción, Suspenso, Drama, Misterio, Aventura, Terror",394351,"2018-02-23","Alex Garland"
tt5834204,10,2017-07-06,"El cuento de la criada","The Handmaid's Tale",https://www.imdb.com/title/tt5834204,Serie de TV,8.3,60,2017,"Drama, Suspenso, Ciencia ficción",298835,"2018-03-11",
tt2543164,10,2017-02-05,"La llegada","Arrival",https://www.imdb.com/title/tt2543164,Película,7.9,116,2016,"Ciencia ficción, Drama, Misterio",865144,"2016-11-11","Denis Villeneuve"
tt0111257,9,2016-05-22,"Máxima velocidad","Speed",https://www.imdb.com/title/tt0111257,Película,7.3,116,1994,"Aventura, Suspenso, Acción",423456,"1994-07-15","Jan de Bont"
